{"initial_reset_timestamp": 1618305826.0038333, "timestamps": [1618305834.9331698, 1618305840.749298, 1618305846.2975178, 1618305851.7381775, 1618305852.9194138], "episode_lengths": [100, 100, 100, 100, 10], "episode_rewards": [0.0, 0.0, 0.0, 0.0, 0.0], "episode_types": ["t", "t", "t", "t", "t"]}