{"initial_reset_timestamp": 1618305826.0297701, "timestamps": [1618305834.1740067, 1618305840.2522156, 1618305845.830792, 1618305851.2921116, 1618305852.9185257], "episode_lengths": [92, 100, 100, 100, 18], "episode_rewards": [0.17199999999999993, 0.0, 0.0, 0.0, 0.0], "episode_types": ["t", "t", "t", "t", "t"]}