{"initial_reset_timestamp": 1618305826.0037236, "timestamps": [1618305833.5098383, 1618305837.7221787, 1618305838.4264424, 1618305843.8877978, 1618305848.2573526, 1618305852.9196367], "episode_lengths": [86, 64, 9, 100, 78, 73], "episode_rewards": [0.22599999999999998, 0.42399999999999993, 0.919, 0.0, 0.29799999999999993, 0.0], "episode_types": ["t", "t", "t", "t", "t", "t"]}