{"initial_reset_timestamp": 1618305826.0374963, "timestamps": [1618305831.9961593, 1618305838.6956801, 1618305844.145776, 1618305849.7018778, 1618305852.9184778], "episode_lengths": [63, 100, 100, 100, 47], "episode_rewards": [0.43299999999999994, 0.0, 0.0, 0.0, 0.0], "episode_types": ["t", "t", "t", "t", "t"]}