{"initial_reset_timestamp": 1618305826.025711, "timestamps": [1618305834.9332433, 1618305840.7493532, 1618305846.2976184, 1618305851.7378051, 1618305852.918907], "episode_lengths": [100, 100, 100, 100, 10], "episode_rewards": [0.0, 0.0, 0.0, 0.0, 0.0], "episode_types": ["t", "t", "t", "t", "t"]}