{"initial_reset_timestamp": 1618293389.0773458, "timestamps": [1618293392.812114, 1618293393.5156755, 1618293394.207564, 1618293396.3703868, 1618293398.2645214, 1618293406.900122, 1618293409.087194, 1618293409.0939994, 1618293411.6499894, 1618293411.8805404, 1618293411.9203472, 1618293412.0714083, 1618293412.9515712, 1618293413.7314377, 1618293421.0570006, 1618293423.2126873, 1618293425.036185, 1618293425.8846495, 1618293426.1095362, 1618293426.2950697, 1618293434.8283997, 1618293436.1814723, 1618293436.6947107, 1618293437.1272738, 1618293437.3609095, 1618293437.518182, 1618293438.102848, 1618293438.4583266, 1618293440.3796768, 1618293440.5310097, 1618293449.0143933, 1618293449.7642512, 1618293450.5270607, 1618293450.8928866, 1618293451.0542932, 1618293452.135946, 1618293452.4830785, 1618293453.1578844], "episode_lengths": [109, 32, 47, 324, 257, 324, 324, 1, 324, 31, 6, 22, 131, 115, 136, 324, 272, 128, 34, 28, 322, 141, 77, 66, 36, 24, 89, 30, 285, 23, 324, 112, 114, 55, 24, 161, 50, 98], "episode_rewards": [0.0, 0.0, 0.0, 0.0, 0.0, 0.0, 0.0, 0.0, 0.0, 0.0, 0.0, 0.0, 0.0, 0.0, 0.0, 0.0, 0.0, 0.0, 0.0, 0.0, 0.0, 0.0, 0.0, 0.0, 0.0, 0.0, 0.0, 0.0, 0.0, 0.0, 0.0, 0.0, 0.0, 0.0, 0.0, 0.0, 0.0, 0.0], "episode_types": ["t", "t", "t", "t", "t", "t", "t", "t", "t", "t", "t", "t", "t", "t", "t", "t", "t", "t", "t", "t", "t", "t", "t", "t", "t", "t", "t", "t", "t", "t", "t", "t", "t", "t", "t", "t", "t", "t"]}