{"initial_reset_timestamp": 1618293389.063354, "timestamps": [1618293391.295196, 1618293392.1257977, 1618293392.501618, 1618293395.5724587, 1618293396.2200985, 1618293396.6990662, 1618293396.9220767, 1618293397.2391171, 1618293399.6857173, 1618293406.7522407, 1618293407.0516002, 1618293408.956144, 1618293410.720284, 1618293413.0381277, 1618293420.675056, 1618293421.3134618, 1618293422.5240371, 1618293422.603628, 1618293422.749354, 1618293422.8563962, 1618293424.411071, 1618293425.819113, 1618293425.9312315, 1618293426.8241313, 1618293426.8572297, 1618293433.333591, 1618293434.6075954, 1618293435.1792557, 1618293436.573646, 1618293436.8395255, 1618293437.4590235, 1618293439.7816153, 1618293440.057973, 1618293440.4716423, 1618293440.6760635, 1618293447.9778652, 1618293448.3947535, 1618293448.6787302, 1618293448.8036711, 1618293449.659137, 1618293449.6992993, 1618293450.5871003, 1618293451.4392745, 1618293451.5802522, 1618293452.1290686, 1618293452.250535, 1618293452.3698232, 1618293452.6816049, 1618293453.157907], "episode_lengths": [38, 29, 1, 324, 98, 72, 34, 48, 324, 103, 45, 282, 223, 324, 184, 93, 183, 11, 22, 16, 231, 212, 17, 135, 5, 32, 190, 61, 154, 40, 95, 324, 41, 62, 31, 148, 61, 43, 19, 127, 6, 133, 128, 21, 81, 17, 17, 47, 68], "episode_rewards": [0.0, 0.0, 0.0, 0.0, 0.0, 0.0, 0.0, 0.0, 0.0, 0.0, 0.0, 0.0, 0.38055555555555554, 0.0, 0.0, 0.0, 0.0, 0.0, 0.0, 0.0, 0.0, 0.0, 0.0, 0.0, 0.0, 0.0, 0.0, 0.0, 0.0, 0.0, 0.0, 0.0, 0.0, 0.0, 0.0, 0.0, 0.0, 0.0, 0.0, 0.0, 0.0, 0.0, 0.0, 0.0, 0.0, 0.0, 0.0, 0.0, 0.0], "episode_types": ["t", "t", "t", "t", "t", "t", "t", "t", "t", "t", "t", "t", "t", "t", "t", "t", "t", "t", "t", "t", "t", "t", "t", "t", "t", "t", "t", "t", "t", "t", "t", "t", "t", "t", "t", "t", "t", "t", "t", "t", "t", "t", "t", "t", "t", "t", "t", "t", "t"]}